Workbook

Sheet SI Units
A1: index | B1: tag | C1: Test series | D1: fluid_1 | E1: fluid_2 | F1: mixture_ratio | G1: T_in | H1: p_in | I1: p_out | J1: polytropic_efficiency | K1: EXP_mass_flow | L1: EXP_thrust | M1: EXP_velocity_exit | N1: index | O1: SIM_velocity at center of outlet (m/s) | P1: SIM_velocity before shock (m/s) | Q1: Integral of SIM_velocity at the outlet (m/s) | R1: P exite at the outlet (Pa) | S1: Integral of P exite at the outlet (Pa) | T1: Pressure exite befor shock (Pa) | U1: SIM_mas_flow (kg/s) | V1: index | W1: integral of thrust | X1: thrust at outlet | Y1: thrust befor shock
A2: ='Imperial Units'!A2 -> 1 | B2: ='Imperial Units'!B2 -> series1_r14.2 | C2: ='Imperial Units'!C2 -> 1 | D2: ='Imperial Units'!D2 -> water | E2: ='Imperial Units'!E2 -> nitrogen | F2: ='Imperial Units'!F2 -> 14.2 | G2: =('Imperial Units'!G2 - 32) * 5/9 +273.15 -> 288.70556 | H2: ='Imperial Units'!H2 * 6894.75729 -> 1034213.6 | I2: ='Imperial Units'!I2 * 6894.75729 -> 97216.078 | J2: 1 | K2: ='Imperial Units'!J2 * 0.45359237 -> 44.452052 | L2: =4.448221615*'Imperial Units'!K2 -> 6343.164 | M2: ='Imperial Units'!L2* 0.3048 -> 142.6464 | N2: 1 | O2: 145.5 | P2: 166.1 | Q2: 140.11 | R2: 87080 | S2: 97215.8 | T2: 14980 | U2: 44.92 | V2: 1 | W2: =U2*Q2+(S2-101325)*0.0137 -> 6237.4452 | X2: =U2*O2+(R2-101325)*0.0137 -> 6340.7035 | Y2: =U2*P2+(T2-101325)*0.0137 -> 6278.2855
A3: ='Imperial Units'!A3 -> 2 | B3: ='Imperial Units'!B3 -> series1_r19.4 | C3: ='Imperial Units'!C3 -> 1 | D3: ='Imperial Units'!D3 -> water | E3: ='Imperial Units'!E3 -> nitrogen | F3: ='Imperial Units'!F3 -> 19.4 | G3: =('Imperial Units'!G3 - 32) * 5/9 +273.15 -> 288.70556 | H3: ='Imperial Units'!H3 * 6894.75729 -> 1034213.6 | I3: ='Imperial Units'!I3 * 6894.75729 -> 97216.078 | J3: 1 | K3: ='Imperial Units'!J3 * 0.45359237 -> 51.255938 | L3: =4.448221615*'Imperial Units'!K3 -> 6334.2676 | M3: ='Imperial Units'!L3* 0.3048 -> 123.444 | N3: 2 | O3: 0 | P3: 0 | Q3: 0 | R3: 0 | S3: 0 | T3: 0 | U3: 0 | V3: 2 | W3: =U3*Q3+(S3-101325)*0.0137 -> -1388.1525 | X3: =U3*O3+(R3-101325)*0.0137 -> -1388.1525 | Y3: =U3*P3+(T3-101325)*0.0137 -> -1388.1525
A4: ='Imperial Units'!A4 -> 3 | B4: ='Imperial Units'!B4 -> series1_r26.3 | C4: ='Imperial Units'!C4 -> 1 | D4: ='Imperial Units'!D4 -> water | E4: ='Imperial Units'!E4 -> nitrogen | F4: ='Imperial Units'!F4 -> 26.3 | G4: =('Imperial Units'!G4 - 32) * 5/9 +273.15 -> 288.70556 | H4: ='Imperial Units'!H4 * 6894.75729 -> 1034213.6 | I4: ='Imperial Units'!I4 * 6894.75729 -> 97216.078 | J4: 1 | K4: ='Imperial Units'!J4 * 0.45359237 -> 58.059823 | L4: =4.448221615*'Imperial Units'!K4 -> 6369.8534 | M4: ='Imperial Units'!L4* 0.3048 -> 109.728 | N4: 3 | O4: 0 | P4: 0 | Q4: 0 | R4: 0 | S4: 0 | T4: 0 | U4: 0 | V4: 3 | W4: =U4*Q4+(S4-101325)*0.0137 -> -1388.1525 | X4: =U4*O4+(R4-101325)*0.0137 -> -1388.1525 | Y4: =U4*P4+(T4-101325)*0.0137 -> -1388.1525
A5: ='Imperial Units'!A5 -> 4 | B5: ='Imperial Units'!B5 -> series1_r33.9 | C5: ='Imperial Units'!C5 -> 1 | D5: ='Imperial Units'!D5 -> water | E5: ='Imperial Units'!E5 -> nitrogen | F5: ='Imperial Units'!F5 -> 33.9 | G5: =('Imperial Units'!G5 - 32) * 5/9 +273.15 -> 288.70556 | H5: ='Imperial Units'!H5 * 6894.75729 -> 1034213.6 | I5: ='Imperial Units'!I5 * 6894.75729 -> 97216.078 | J5: 1 | K5: ='Imperial Units'!J5 * 0.45359237 -> 63.956524 | L5: =4.448221615*'Imperial Units'!K5 -> 6360.9569 | M5: ='Imperial Units'!L5* 0.3048 -> 99.3648 | N5: 4 | O5: 0 | P5: 0 | Q5: 0 | R5: 0 | S5: 0 | T5: 0 | U5: 0 | V5: 4 | W5: =U5*Q5+(S5-101325)*0.0137 -> -1388.1525 | X5: =U5*O5+(R5-101325)*0.0137 -> -1388.1525 | Y5: =U5*P5+(T5-101325)*0.0137 -> -1388.1525
A6: ='Imperial Units'!A6 -> 5 | B6: ='Imperial Units'!B6 -> series1_r43.8 | C6: ='Imperial Units'!C6 -> 1 | D6: ='Imperial Units'!D6 -> water | E6: ='Imperial Units'!E6 -> nitrogen | F6: ='Imperial Units'!F6 -> 43.8 | G6: =('Imperial Units'!G6 - 32) * 5/9 +273.15 -> 288.70556 | H6: ='Imperial Units'!H6 * 6894.75729 -> 1034213.6 | I6: ='Imperial Units'!I6 * 6894.75729 -> 97216.078 | J6: 1 | K6: ='Imperial Units'!J6 * 0.45359237 -> 70.76041 | L6: =4.448221615*'Imperial Units'!K6 -> 6409.8873 | M6: ='Imperial Units'!L6* 0.3048 -> 90.5256 | N6: 5 | O6: 0 | P6: 0 | Q6: 0 | R6: 0 | S6: 0 | T6: 0 | U6: 0 | V6: 5 | W6: =U6*Q6+(S6-101325)*0.0137 -> -1388.1525 | X6: =U6*O6+(R6-101325)*0.0137 -> -1388.1525 | Y6: =U6*P6+(T6-101325)*0.0137 -> -1388.1525
A7: ='Imperial Units'!A7 -> 6 | B7: ='Imperial Units'!B7 -> series1_r64.5 | C7: ='Imperial Units'!C7 -> 1 | D7: ='Imperial Units'!D7 -> water | E7: ='Imperial Units'!E7 -> nitrogen | F7: ='Imperial Units'!F7 -> 64.5 | G7: =('Imperial Units'!G7 - 32) * 5/9 +273.15 -> 288.70556 | H7: ='Imperial Units'!H7 * 6894.75729 -> 1034213.6 | I7: ='Imperial Units'!I7 * 6894.75729 -> 97216.078 | J7: 1 | K7: ='Imperial Units'!J7 * 0.45359237 -> 81.193034 | L7: =4.448221615*'Imperial Units'!K7 -> 6409.8873 | M7: ='Imperial Units'!L7* 0.3048 -> 78.9432 | N7: 6 | O7: 0 | P7: 0 | Q7: 0 | R7: 0 | S7: 0 | T7: 0 | U7: 0 | V7: 6 | W7: =U7*Q7+(S7-101325)*0.0137 -> -1388.1525 | X7: =U7*O7+(R7-101325)*0.0137 -> -1388.1525 | Y7: =U7*P7+(T7-101325)*0.0137 -> -1388.1525
A8: ='Imperial Units'!A8 -> 7 | B8: ='Imperial Units'!B8 -> series1_r71.9 | C8: ='Imperial Units'!C8 -> 1 | D8: ='Imperial Units'!D8 -> water | E8: ='Imperial Units'!E8 -> nitrogen | F8: ='Imperial Units'!F8 -> 71.9 | G8: =('Imperial Units'!G8 - 32) * 5/9 +273.15 -> 288.70556 | H8: ='Imperial Units'!H8 * 6894.75729 -> 1034213.6 | I8: ='Imperial Units'!I8 * 6894.75729 -> 97216.078 | J8: 1 | K8: ='Imperial Units'!J8 * 0.45359237 -> 84.821773 | L8: =4.448221615*'Imperial Units'!K8 -> 6432.1285 | M8: ='Imperial Units'!L8* 0.3048 -> 76.8096 | N8: 7 | O8: 0 | P8: 0 | Q8: 0 | R8: 0 | S8: 0 | T8: 0 | U8: 0 | V8: 7 | W8: =U8*Q8+(S8-101325)*0.0137 -> -1388.1525 | X8: =U8*O8+(R8-101325)*0.0137 -> -1388.1525 | Y8: =U8*P8+(T8-101325)*0.0137 -> -1388.1525
A9: ='Imperial Units'!A9 -> 8 | B9: ='Imperial Units'!B9 -> series2_r15.3 | C9: ='Imperial Units'!C9 -> 2 | D9: ='Imperial Units'!D9 -> water | E9: ='Imperial Units'!E9 -> nitrogen | F9: ='Imperial Units'!F9 -> 15.3 | G9: =('Imperial Units'!G9 - 32) * 5/9 +273.15 -> 288.70556 | H9: ='Imperial Units'!H9 * 6894.75729 -> 1034213.6 | I9: ='Imperial Units'!I9 * 6894.75729 -> 97216.078 | J9: 1 | K9: ='Imperial Units'!J9 * 0.45359237 -> 44.452052 | L9: =4.448221615*'Imperial Units'!K9 -> 6334.2676 | M9: ='Imperial Units'!L9* 0.3048 -> 142.6464 | N9: 8 | O9: 0 | P9: 0 | Q9: 0 | R9: 0 | S9: 0 | T9: 0 | U9: 0 | V9: 8 | W9: =U9*Q9+(S9-101325)*0.0137 -> -1388.1525 | X9: =U9*O9+(R9-101325)*0.0137 -> -1388.1525 | Y9: =U9*P9+(T9-101325)*0.0137 -> -1388.1525
A10: ='Imperial Units'!A10 -> 9 | B10: ='Imperial Units'!B10 -> series2_r17.2 | C10: ='Imperial Units'!C10 -> 2 | D10: ='Imperial Units'!D10 -> water | E10: ='Imperial Units'!E10 -> nitrogen | F10: ='Imperial Units'!F10 -> 17.2 | G10: =('Imperial Units'!G10 - 32) * 5/9 +273.15 -> 288.70556 | H10: ='Imperial Units'!H10 * 6894.75729 -> 1034213.6 | I10: ='Imperial Units'!I10 * 6894.75729 -> 97216.078 | J10: 1 | K10: ='Imperial Units'!J10 * 0.45359237 -> 47.627199 | L10: =4.448221615*'Imperial Units'!K10 -> 6236.4067 | M10: ='Imperial Units'!L10* 0.3048 -> 131.064 | N10: 9 | O10: 0 | P10: 0 | Q10: 0 | R10: 0 | S10: 0 | T10: 0 | U10: 0 | V10: 9 | W10: =U10*Q10+(S10-101325)*0.0137 -> -1388.1525 | X10: =U10*O10+(R10-101325)*0.0137 -> -1388.1525 | Y10: =U10*P10+(T10-101325)*0.0137 -> -1388.1525
A11: ='Imperial Units'!A11 -> 10 | B11: ='Imperial Units'!B11 -> series2_r21.1 | C11: ='Imperial Units'!C11 -> 2 | D11: ='Imperial Units'!D11 -> water | E11: ='Imperial Units'!E11 -> nitrogen | F11: ='Imperial Units'!F11 -> 21.1 | G11: =('Imperial Units'!G11 - 32) * 5/9 +273.15 -> 288.70556 | H11: ='Imperial Units'!H11 * 6894.75729 -> 1034213.6 | I11: ='Imperial Units'!I11 * 6894.75729 -> 97216.078 | J11: 1 | K11: ='Imperial Units'!J11 * 0.45359237 -> 51.70953 | L11: =4.448221615*'Imperial Units'!K11 -> 6441.0249 | M11: ='Imperial Units'!L11* 0.3048 -> 124.6632 | N11: 10 | O11: 0 | P11: 0 | Q11: 0 | R11: 0 | S11: 0 | T11: 0 | U11: 0 | V11: 10 | W11: =U11*Q11+(S11-101325)*0.0137 -> -1388.1525 | X11: =U11*O11+(R11-101325)*0.0137 -> -1388.1525 | Y11: =U11*P11+(T11-101325)*0.0137 -> -1388.1525
A12: ='Imperial Units'!A12 -> 11 | B12: ='Imperial Units'!B12 -> series2_r22.3 | C12: ='Imperial Units'!C12 -> 2 | D12: ='Imperial Units'!D12 -> water | E12: ='Imperial Units'!E12 -> nitrogen | F12: ='Imperial Units'!F12 -> 22.3 | G12: =('Imperial Units'!G12 - 32) * 5/9 +273.15 -> 288.70556 | H12: ='Imperial Units'!H12 * 6894.75729 -> 1034213.6 | I12: ='Imperial Units'!I12 * 6894.75729 -> 97216.078 | J12: 1 | K12: ='Imperial Units'!J12 * 0.45359237 -> 53.5239 | L12: =4.448221615*'Imperial Units'!K12 -> 6307.5783 | M12: ='Imperial Units'!L12* 0.3048 -> 117.9576 | N12: 11 | O12: 0 | P12: 0 | Q12: 0 | R12: 0 | S12: 0 | T12: 0 | U12: 0 | V12: 11 | W12: =U12*Q12+(S12-101325)*0.0137 -> -1388.1525 | X12: =U12*O12+(R12-101325)*0.0137 -> -1388.1525 | Y12: =U12*P12+(T12-101325)*0.0137 -> -1388.1525
A13: ='Imperial Units'!A13 -> 12 | B13: ='Imperial Units'!B13 -> series2_r28.3 | C13: ='Imperial Units'!C13 -> 2 | D13: ='Imperial Units'!D13 -> water | E13: ='Imperial Units'!E13 -> nitrogen | F13: ='Imperial Units'!F13 -> 28.3 | G13: =('Imperial Units'!G13 - 32) * 5/9 +273.15 -> 288.70556 | H13: ='Imperial Units'!H13 * 6894.75729 -> 1034213.6 | I13: ='Imperial Units'!I13 * 6894.75729 -> 97216.078 | J13: 1 | K13: ='Imperial Units'!J13 * 0.45359237 -> 57.606231 | L13: =4.448221615*'Imperial Units'!K13 -> 6307.5783 | M13: ='Imperial Units'!L13* 0.3048 -> 109.4232 | N13: 12 | O13: 0 | P13: 0 | Q13: 0 | R13: 0 | S13: 0 | T13: 0 | U13: 0 | V13: 12 | W13: =U13*Q13+(S13-101325)*0.0137 -> -1388.1525 | X13: =U13*O13+(R13-101325)*0.0137 -> -1388.1525 | Y13: =U13*P13+(T13-101325)*0.0137 -> -1388.1525
... A31: ='Imperial Units'!A31 -> 30 | B31: ='Imperial Units'!B31 -> series5_r24.1 | C31: ='Imperial Units'!C31 -> 5 | D31: ='Imperial Units'!D31 -> water | E31: ='Imperial Units'!E31 -> nitrogen | F31: ='Imperial Units'!F31 -> 24.1 | G31: =('Imperial Units'!G31 - 32) * 5/9 +273.15 -> 288.70556 | H31: ='Imperial Units'!H31 * 6894.75729 -> 1585794.2 | I31: ='Imperial Units'!I31 * 6894.75729 -> 97216.078 | J31: 1 | K31: ='Imperial Units'!J31 * 0.45359237 -> 80.285849 | L31: =4.448221615*'Imperial Units'!K31 -> 10853.661 | M31: ='Imperial Units'!L31* 0.3048 -> 135.3312 | N31: 30 | O31: 0 | P31: 0 | Q31: 0 | R31: 0 | S31: 0 | T31: 0 | U31: 0 | V31: 30 | W31: =U31*Q31+(S31-101325)*0.0137 -> -1388.1525 | X31: =U31*O31+(R31-101325)*0.0137 -> -1388.1525 | Y31: =U31*P31+(T31-101325)*0.0137 -> -1388.1525

Sheet Imperial Units
A1: index | B1: tag | C1: Test series | D1: fluid_1 | E1: fluid_2 | F1: mixture_ratio | G1: T_in [degF] | H1: p_in [psia] | I1: p_out [psia] | J1: EXP_mass_flow [lbm/s] | K1: EXP_thrust [lbf] | L1: EXP_velocity_exit [ft/s]
A2: 1 | B2: =_xlfn.CONCAT("series",TEXT(C2,"0"),"_r",TEXT(F2,"0.0")) -> series1_r14.2 | C2: 1 | D2: water | E2: nitrogen | F2: 14.2 | G2: 60 | H2: 150 | I2: 14.1 | J2: 98 | K2: 1426 | L2: 468
A3: 2 | B3: =_xlfn.CONCAT("series",TEXT(C3,"0"),"_r",TEXT(F3,"0.0")) -> series1_r19.4 | C3: 1 | D3: water | E3: nitrogen | F3: 19.4 | G3: 60 | H3: 150 | I3: 14.1 | J3: 113 | K3: 1424 | L3: 405
A4: 3 | B4: =_xlfn.CONCAT("series",TEXT(C4,"0"),"_r",TEXT(F4,"0.0")) -> series1_r26.3 | C4: 1 | D4: water | E4: nitrogen | F4: 26.3 | G4: 60 | H4: 150 | I4: 14.1 | J4: 128 | K4: 1432 | L4: 360
A5: 4 | B5: =_xlfn.CONCAT("series",TEXT(C5,"0"),"_r",TEXT(F5,"0.0")) -> series1_r33.9 | C5: 1 | D5: water | E5: nitrogen | F5: 33.9 | G5: 60 | H5: 150 | I5: 14.1 | J5: 141 | K5: 1430 | L5: 326
A6: 5 | B6: =_xlfn.CONCAT("series",TEXT(C6,"0"),"_r",TEXT(F6,"0.0")) -> series1_r43.8 | C6: 1 | D6: water | E6: nitrogen | F6: 43.8 | G6: 60 | H6: 150 | I6: 14.1 | J6: 156 | K6: 1441 | L6: 297
A7: 6 | B7: =_xlfn.CONCAT("series",TEXT(C7,"0"),"_r",TEXT(F7,"0.0")) -> series1_r64.5 | C7: 1 | D7: water | E7: nitrogen | F7: 64.5 | G7: 60 | H7: 150 | I7: 14.1 | J7: 179 | K7: 1441 | L7: 259
A8: 7 | B8: =_xlfn.CONCAT("series",TEXT(C8,"0"),"_r",TEXT(F8,"0.0")) -> series1_r71.9 | C8: 1 | D8: water | E8: nitrogen | F8: 71.9 | G8: 60 | H8: 150 | I8: 14.1 | J8: 187 | K8: 1446 | L8: 252
A9: 8 | B9: =_xlfn.CONCAT("series",TEXT(C9,"0"),"_r",TEXT(F9,"0.0")) -> series2_r15.3 | C9: 2 | D9: water | E9: nitrogen | F9: 15.3 | G9: 60 | H9: 150 | I9: 14.1 | J9: 98 | K9: 1424 | L9: 468
A10: 9 | B10: =_xlfn.CONCAT("series",TEXT(C10,"0"),"_r",TEXT(F10,"0.0")) -> series2_r17.2 | C10: 2 | D10: water | E10: nitrogen | F10: 17.2 | G10: 60 | H10: 150 | I10: 14.1 | J10: 105 | K10: 1402 | L10: 430
A11: 10 | B11: =_xlfn.CONCAT("series",TEXT(C11,"0"),"_r",TEXT(F11,"0.0")) -> series2_r21.1 | C11: 2 | D11: water | E11: nitrogen | F11: 21.1 | G11: 60 | H11: 150 | I11: 14.1 | J11: 114 | K11: 1448 | L11: 409
A12: 11 | B12: =_xlfn.CONCAT("series",TEXT(C12,"0"),"_r",TEXT(F12,"0.0")) -> series2_r22.3 | C12: 2 | D12: water | E12: nitrogen | F12: 22.3 | G12: 60 | H12: 150 | I12: 14.1 | J12: 118 | K12: 1418 | L12: 387
A13: 12 | B13: =_xlfn.CONCAT("series",TEXT(C13,"0"),"_r",TEXT(F13,"0.0")) -> series2_r28.3 | C13: 2 | D13: water | E13: nitrogen | F13: 28.3 | G13: 60 | H13: 150 | I13: 14.1 | J13: 127 | K13: 1418 | L13: 359
... A31: 30 | B31: =_xlfn.CONCAT("series",TEXT(C31,"0"),"_r",TEXT(F31,"0.0")) -> series5_r24.1 | C31: 5 | D31: water | E31: nitrogen | F31: 24.1 | G31: 60 | H31: 230 | I31: 14.1 | J31: 177 | K31: 2440 | L31: 444
